id,price,rank,url
30,0.5,1092,https://magiceden.io/item-details/2hjxJjqNxJBHamTFuzCUu4PPpikkVKUzgcSpc2XLWgRr
32,0.0369,1153,https://magiceden.io/item-details/BjurkPs7p9EHoGsosmzdN7HHozYs716WYpH31tcvVWcR
38,1,37,https://magiceden.io/item-details/AKnjZ7wsxmoGXXiBZagVjygxmA25tY19ZB9WD6yiiSLT
40,0.5,1207,https://magiceden.io/item-details/NwyAT9Yw5h2an4hXdLJVy7y3CbzRtWzopqmvrkyBwrX
41,0.3,90,https://magiceden.io/item-details/GxmvkLof4xJDazuYygsVaBK2d39SP2GpSAvPVerdXLNQ
44,0.16,1098,https://magiceden.io/item-details/42xwhR44tR2cVxMf95yjBAyejiT1Kgkm62YWaeUkdX6y
45,0.15,942,https://magiceden.io/item-details/7Y16wuZBfxCDKc1LUk8fgboBd6xq6KyusBGD7vDLdMsR
48,0.05,2170,https://magiceden.io/item-details/C8Mq9BGzypZuySAikgvsTB6oMoTcXyijpWLFWV5PMpMH
50,1.69,326,https://magiceden.io/item-details/CQxC5Y9VyJnLpwDzkcGy2T5cPf1vzrjPN3Qh6dHuaVXW
51,0.04,1372,https://magiceden.io/item-details/JBezKbE4hxdTzyF6qFp7nnh4RbaztE8i4AQB78zZVQak
52,0.5,2195,https://magiceden.io/item-details/7ooK1MxWFLth42p5SWSB8qP3oCWpHC78wspsz4BYVSPn
59,0.033,1866,https://magiceden.io/item-details/79sQ7itpRDQZYS1oBcxVypexGTMxCcMaDga7XnvQG7pN
61,0.04,1532,https://magiceden.io/item-details/HoqQ6eigoxQcQEh4SxVPnjDSCNqFuyJvX1SkhEJgpv32
84,0.5,1291,https://magiceden.io/item-details/6SeA5dQkKn9qrduCXNEJD1Af74rchhEL9MXJFCV3UgeV
87,0.05,597,https://magiceden.io/item-details/2ic96mWhtp8erqi82mFFu28hUFe5ghn7sqUYvqVSNjvA
89,0.5,695,https://magiceden.io/item-details/JBPezY3xAAj9DTBeczhw385yDyRmMfQVKgoa114qrj4W
95,0.2,112,https://magiceden.io/item-details/GbTXAWoSARySzPVHZXhkGnBU5a3RPfS8PKJJ8MdYxo2n
97,0.033,816,https://magiceden.io/item-details/3eTmoyKiLuLPYQv6jK8LpeqtFFpqmtLW9HPfpNiLuSvB
98,0.5,1849,https://magiceden.io/item-details/4wfHUuMrtDAWVd2upTKMT4cfqjT4YQaYSN8EJMdHi5Jf
99,0.5,1668,https://magiceden.io/item-details/GZBekZFZtmP5rkXL1Rhd8acSZ2Kq6mtxCKMfHYadxfYf
112,0.1,2107,https://magiceden.io/item-details/H6m9vfDZ2uJZ5QXLfmffMLnsqYBcRSARvd6HLzfMnixe
114,0.04,1074,https://magiceden.io/item-details/6QFpQ2P936WVydCZhcz7rb5NfBYxfP3udnPcP9gadX6j
115,0.1,756,https://magiceden.io/item-details/CD2nxHCzoVuMQ4doD9aoSoTx9h8JvbWiy5hzfN7X6H6b
118,1.8,631,https://magiceden.io/item-details/57aoMxmWFHmzw9RDTkznTSvoX19qEJmyQCmjw3xTA7FS
129,0.059,763,https://magiceden.io/item-details/9iBwYShRaPVYr7tU3YcVfodEh3H3B2w8PUFJ7YWhpwfx
130,0.22,1501,https://magiceden.io/item-details/2fXLEcnW8zmjRMCNgpoaf77ESDM2xR1J84GfA65UoBEZ
145,0.6969,2188,https://magiceden.io/item-details/CmxrJYPxj4AsAPNayxH4tUe9yomo6qo5RYm5MVFpMf1U
154,0.5,1525,https://magiceden.io/item-details/95aM67thXkTgWqH3KvydmPiCCvgiTZ77YJaDQYvUeh6h
155,0.045,493,https://magiceden.io/item-details/4XFtp9X8ZjicRJdK5Y6TPq5EULuLJVWy5y6xkXmYecHD
166,0.2,1767,https://magiceden.io/item-details/A75SdQscKmFkopryPy6syYnL7X2oY9mkoHPGj2x3MiqT
168,0.1,273,https://magiceden.io/item-details/8PvkSgUKJRSAc2zETX1sSbKz7ctnhzSVtEZt7JzSQzch
181,0.25,99,https://magiceden.io/item-details/3SMHoZFNQAQhkmxJkKRPWdY2wAtJU58fvgnMe7aY49Jq
190,1,56,https://magiceden.io/item-details/HsmwobVJEGDeXMHuehEexU1NZEKf9CsCzHXM2V9neBxK
191,0.2,574,https://magiceden.io/item-details/C2WsQpa3FFsYe8LiPHDL3B6ykKMSBBLu2Z4CkHAq35nj
192,0.09,2053,https://magiceden.io/item-details/3FwZwz6AXGHMUAeDetSDAPCksfj2D1A1KvypihqkGaUZ
197,0.04,1415,https://magiceden.io/item-details/2riY2Ns9uAPAQMGDfESsbMuLWYShcFtQz1GGPgtPsKsy
207,0.7,2066,https://magiceden.io/item-details/GH9LzTBW3YxWAJm7nJ6BfxjT4feW2FtqyfeZB4cAzC9x
219,1,72,https://magiceden.io/item-details/4FJ32HJDtyzryjK2HRj6SGGe4gjqTaq8bChb9BH3xfQC
222,0.3,94,https://magiceden.io/item-details/35THZymastNBaxkff7Sf4swU2weGkXMwCGjreTqLFAZq
226,1.5,29,https://magiceden.io/item-details/8iV1To66X77caExNtecDsKQz3X1cLSwYRwBw9ZD5GqSF
228,0.09,2052,https://magiceden.io/item-details/8YqGstaKKpTQ8k68pPHCrLFdc2kfH4EYtJcs4kRfANt3
230,0.2,305,https://magiceden.io/item-details/hyuY9eeKUSf6wa8LvmNSYAw8dZ4JvXdRNVjQVRwUkdB
232,1,42,https://magiceden.io/item-details/JDwpEkokednQCELDzWkhR8HvRskwFpNFTfE2i32V7Tj1
236,0.09,849,https://magiceden.io/item-details/qPeA2hnaXyeqQwH7rY2vEPfKgARWBfAjKcq9SVwuUTx
238,0.2,128,https://magiceden.io/item-details/BecyDxtvuse3t36VKLWGHW9fMXkcBUkAtgoWqQhqrZQD
258,0.2,884,https://magiceden.io/item-details/GEXod21MKWTZo615rg77DBMy5FVPyRmfxTGUGVcsu4VD
269,0.5,167,https://magiceden.io/item-details/Jd8PCNokZ2GpYKHQyhmKmtZU5ug5Z44au2BhTsG4sZ1
270,0.29,2182,https://magiceden.io/item-details/AzhkRVvmvNZwzFGd6ygJd4q7fqL2Y6fR7xUqe6hsewy7
274,0.05,1715,https://magiceden.io/item-details/GjRFERp28crhDHTMeABL7JsTtVs5wG4j6apamhwxpTp5
275,0.04,1896,https://magiceden.io/item-details/8D98ArAM5miWF5Cjv9Fpm3uJ8eSAPpwsmpP1MKEKYdDD
291,0.15,775,https://magiceden.io/item-details/4scuCWbUyQr8sdcZWvydJQeD2vxWU1DXwgsoH7Pyu89f
301,0.045,1586,https://magiceden.io/item-details/CZCSJ1JmpQC5Dw62uV4HiTRv6ufhB6kBXEdXTq4RNeYm
306,0.06,1758,https://magiceden.io/item-details/4JpXme61EKhKhnNKHSFqsi5sAZLXXoqM7aG4yhrmuMcv
307,0.25,1421,https://magiceden.io/item-details/3WetRj9jkZzJ35TUZj9qf6iwv7UkEZDEiBTgCoeoMPvp
312,0.07,666,https://magiceden.io/item-details/Fw9iKie3yBKtFzPEDfRAPr7kgS5jzgQyoZGEnCFjs3DY
315,0.6,1448,https://magiceden.io/item-details/A3N2aJEx9ReLBwEX68TmSuFSwQQpfevk5xLtBS4GRCfF
338,0.0369,2214,https://magiceden.io/item-details/CcLyyUxxM62pX5f3acnf7HiU6JLhsk2Q1W9YhuBkcbV3
346,0.04,1960,https://magiceden.io/item-details/9gF3Evav2ug2b6k88F5qbepyTdSxbRHyAxm9pM6GuvVz
348,0.4,28,https://magiceden.io/item-details/Ee6aWLs9f1nUmmZBZxnQRe4rh4t9Fe59DH2d4qxETgzg
355,0.2,347,https://magiceden.io/item-details/CdCesLVL2RG1Ycrfx9oREMYqYWcQR8prJG2Kh4PdHJBZ
366,0.055,521,https://magiceden.io/item-details/9XiirBPbu38jEPWY7seHJufmzhFQ8N3h2JCFpCfCFbos
367,0.2,1100,https://magiceden.io/item-details/6dd5W5K8AGq6Fm4PZ6KLCxrLmzexhxgzZ7i5drkq4c5t
368,0.1,861,https://magiceden.io/item-details/nbjX2h1NDAQLejr1kFtcZXLMMc5XVtDrZrvA8HK9EH6
377,0.07,421,https://magiceden.io/item-details/FwVvHFR6xpPrimEMzVhbEd1oFRrbcoeSWFFNbgNTn79k
379,0.1,1349,https://magiceden.io/item-details/5TDGtS1GxpZA2M6HtkZrtoW3Jp5gvw98RKxe8tp7Fcmc
380,0.07,480,https://magiceden.io/item-details/FjhXRnbmUPzLv12avHY8m9McLfJfNp62eLwpWuSZyKA7
382,0.07,1041,https://magiceden.io/item-details/3sr9uygmmVXiBENwbS43y9pNsmuY5dmkbks8VjWogwAr
384,0.04,1340,https://magiceden.io/item-details/BnMbyLYLtxc19jR1oPsjNvZCLLRPc4JuKfnJPyiSB1e2
385,0.4,81,https://magiceden.io/item-details/5gCCMJ7L6335kmAx7xpeDRGbNXSfmnhfK3su6hE2kVpd
386,0.25,1795,https://magiceden.io/item-details/4vkt4iuYwHKpFzb7o5c784HBSRKYHTr5K6bVJgS45wqz
387,1,2050,https://magiceden.io/item-details/7nFNEuyfWDzZyTLgNuozEJXriN8TKEm283bK8BpqyXsd
393,0.25,1655,https://magiceden.io/item-details/87Ei2NNzsuNf4AXymFaQQMKcLrYJHfdsXBX3BzH2JJSU
396,0.0369,1732,https://magiceden.io/item-details/7ZL6KakHEHyb6pvjUnuVtdkngYLVZQ88FB9gswo3hmii
402,0.3,1465,https://magiceden.io/item-details/8JpR2bR5yhP5YuT84Nhg7qZgD9VN74eVzVHMRsuhq1JP
406,0.3,2089,https://magiceden.io/item-details/5KcgkzieGuCFx6Eq1GC5qBU39gty1B7BnVTyGCb4Wtix
407,0.069,1455,https://magiceden.io/item-details/gRNrx5JMHhxLZmnB2CYz4GV5BDG5quoqhdXiR38vNX6
410,1,1924,https://magiceden.io/item-details/49kdu766NAVb36jHUat4komCYguCExLzM4LPFfT864nV
412,0.3,1034,https://magiceden.io/item-details/77RAkjMTBZfmo7ht6UUxmdRPT9k1FbnEzDWLiQsjho6v
415,0.1,368,https://magiceden.io/item-details/HQtWoQ4D1MPWs3RR7D8GrDeDprThPm8mg7sPFQX8WwHW
417,0.069,1658,https://magiceden.io/item-details/BAo2pDPf7161K9VnpmDww1wGZMM7zwwQz1EaoGcFnYRk
421,0.2,899,https://magiceden.io/item-details/AoWStrznXcK3R62VQGvJee1m2SY3A3dUNKXL5ZkLsyet
423,0.3,1259,https://magiceden.io/item-details/5dcx9wmYD4zNCYLkJxWunkmiAzVc1e9gEgSHvgqJPpyv
427,0.1,324,https://magiceden.io/item-details/GHEpohk3T9GRJVG7a6cRYXkodSZm31f3CMWN48rSexQ5
428,0.15,1332,https://magiceden.io/item-details/AeJt3JrvT7QFZ2VDfqpX7JoGKp55VmrPCvCxBxi9cfhF
429,0.6969,44,https://magiceden.io/item-details/Gjem7S67T5Th2T9bEuC2GMRsD7KFYijRHE67oYaXhXnt
431,0.04,1214,https://magiceden.io/item-details/BP8oj9WkdW6cmWTwrEDp2bfSUT9BPfyztFPV3uVsUj5k
433,0.09,255,https://magiceden.io/item-details/GvVAegMf4WohDzqrBzxXDYpN76MAbV3682EfU979wP2n
438,0.3,2002,https://magiceden.io/item-details/Ho3MJ9SHMLpF9MVFb2e9p6ZAxKd6TgKjvfqCS5h9HXGd
440,0.06,1765,https://magiceden.io/item-details/42gcvTcTS5nCC2tNVCZrAkDNSmNmYBgkmHvHTJoBhYZC
441,0.05,1298,https://magiceden.io/item-details/EQfFHj52GnUp5JAXte6yFS6uEZRLqpyKQW1Sjj5UqGgk
442,1,495,https://magiceden.io/item-details/F3Foy2i4KvJiVpnDyDvVyLMkF2RLKzbZhGH78vpgZsJ2
446,0.0369,2087,https://magiceden.io/item-details/AcxnJYNdysemjkK55id4sTpjWFg5CxHEqSJnKuLLjzGD
448,0.6969,23,https://magiceden.io/item-details/72MaZUkSgDqNSS96UN2h6DMovDJAeAnPKbfH9hz3B6dg
452,0.05,1723,https://magiceden.io/item-details/3ML8k4E4KdJGzPumYeaMwiGqsYfHABM1VhvMxD9K2H3f
456,0.0469,902,https://magiceden.io/item-details/4c8SSzh2jMH8ZFhU2FxpTfsBKQCPTQ8QVbySxxZERPBW
458,1,123,https://magiceden.io/item-details/4z3yVgVptcMCt7ou8EhGdRNJfq7eAVxUXvXx15WAVcVY
460,0.069,986,https://magiceden.io/item-details/5F4sWWMNCiGLQcmsVpCDJLEa75ToDMEdQCPWUBDTfJFg
464,0.05,1676,https://magiceden.io/item-details/3cCHNHqK1rte8qARWG6WaiCDNqKiV7KzLS3bofZAZssD
468,0.3,1413,https://magiceden.io/item-details/6tx3mJrbv1TdNyGbwHb9savYZfZS3AUzPFivCBSexpc4
470,0.045,1534,https://magiceden.io/item-details/AvxY9vdQrr5zPaBQy5TLcgy5WVbJ2qX4CdVvqHq26XL9
471,0.5,2033,https://magiceden.io/item-details/6Q3JroBKgDZp9TxoPHy1ev718F9oq5GDQaMK74wWZ536
472,1,984,https://magiceden.io/item-details/8ghMJqL8KctyKCLpnftS7rSvwevKV6NM4QWz82GrzwZ5
474,0.15,2131,https://magiceden.io/item-details/62JQ8WSyBqpzGLx86oPqxw3cuwbZT1mWt1AfgZV5M2VX
476,0.3,821,https://magiceden.io/item-details/BjmJezuYVh4yytjEi3uNynjWkSTKH7MW3EDjXCVkN4KV
477,0.0369,1471,https://magiceden.io/item-details/Bdx2dwHXh3S5ZJdZNqRTSZxwim43i1RdCzHwsMFKio4D
480,0.2,2180,https://magiceden.io/item-details/HGEbQERJ23jFzCrsPoNt1iEgkxXjPTacrFWGnntUoStM
481,0.3,2138,https://magiceden.io/item-details/94kNDTzQaFEji9TvJBPDYr9DqLELka1sbYsT1hcerCYK
487,0.3,1403,https://magiceden.io/item-details/HUux9ZbEtb6d91C43rZqVpq9xSgmE3LysAANGXChRkpk
489,0.2,900,https://magiceden.io/item-details/5AaCrcrcVXjCJPnQUzVgM1WW8JpDxUCnTSqvUZpTRw6e
490,0.05,1331,https://magiceden.io/item-details/EnvDANBkWLtceXfqsVyGvtRFBf9JxHpCMxff4oBWnie7
492,0.039,1642,https://magiceden.io/item-details/5AizkfiULN7GYvhTi1Mucv7uQJecPfkaX7ygkyGBgTGw
495,0.069,1165,https://magiceden.io/item-details/ECDW6ja8ZrAUkyuoKPzfWZf7FHPtHUVh8VRLJSnsdops
497,0.3,1836,https://magiceden.io/item-details/EjA6fc9Uguv9WiMCcYAzrBzoXfzFUmP6dEjcmgjLZ6kA
498,0.3,571,https://magiceden.io/item-details/D8gNL7yUejjo9shNBsxMa8CDRpZAuNCKyvjogbBsFVaL
501,1.5,864,https://magiceden.io/item-details/4fuL7vuLrRruKiu7EXX7LGnNJYPcayMNs8mNQ8BDcUxp
502,0.3,1888,https://magiceden.io/item-details/ENp1oCMTeiXaAbSgmYkc9ZUXXKQMyawdrssiaTeMpSph
503,0.2,2173,https://magiceden.io/item-details/8LvGWCd8rZ4ToPRUrML1kuBXxHKL4NhoDHijuAVNqpzq
504,0.3,793,https://magiceden.io/item-details/6ofUWjuqwVfTENWpPaMp4senVCzMaqruiqmkyDBJkaTX
505,0.3,677,https://magiceden.io/item-details/DsR63ygP1RZKX9mmohREq7msHbtsGb56AMMvESTjKYwR
506,0.1,1711,https://magiceden.io/item-details/4pXjzmRRUULYSEWLHVoY8tK2k9myPpF6stPruBwfbgx9
513,0.0869,1392,https://magiceden.io/item-details/Atngvt8aJdS3pTvzX5Sh6mCNQQZYWq2vFSFfsKkSReyg
514,0.07,595,https://magiceden.io/item-details/HfUUf6Mpa9Q7BAW1W1Y2FDeYQKqVmCYYuni1jS2ZvXSm
518,0.3,1324,https://magiceden.io/item-details/G5VRYiKcTdmiVGQ5GHrNC9ren21EDnrXwsB1VXTsgfiE
521,0.333,1271,https://magiceden.io/item-details/GAKNQbVMym4gZVSmY8qJPG5M2Z3kK3DrTRcAca8U5VU2
523,0.5,879,https://magiceden.io/item-details/DsNSStF3MPM7U42psX2U5v29aELQ4jhiRMVweowPrutH
524,0.119999,2103,https://magiceden.io/item-details/BCm1zubJCeATcytc9QsiJebS6Ku7FAbt5zwbwMN7v7Dh
528,0.5,691,https://magiceden.io/item-details/JCFUBbw7dURJrGxriVADf2rvxRqdDQvUXK6vyc5KRhPm
533,1,406,https://magiceden.io/item-details/9PxiMJeT5HL3czHxJXbysqeQJcFYSagzZFhuJKaAnKrc
538,0.5,1981,https://magiceden.io/item-details/BKrPgFfhKiqyMV3mTCWMQcvVcVSjGci1pRyeTqG2qVuj
545,0.2,158,https://magiceden.io/item-details/7V4X76S1nNBgtFSK32ZypbJMz5jBG8Nv9LiFcmDKDE2i
551,0.069,936,https://magiceden.io/item-details/8tVmvERvTU7YAZL1HtvDAPeiyGRSgjPBq6Wc2TMuQB93
552,0.035,616,https://magiceden.io/item-details/9hjvaUCdUEPfZ3UCcKRDYs8nS5abRLJxcnSoP9kEUHuA
553,0.3,2258,https://magiceden.io/item-details/64C9Vtezqfw8QPFk8CtpwBHtGqSxiY32JpnkHNFWN6Kx
556,0.3,725,https://magiceden.io/item-details/5AgRQr56tg38i9UD5KVVtQKsJqzh9KHLdsCDdb952XuH
557,0.3,482,https://magiceden.io/item-details/E7HEq9A79ABG5PKUdaZf7fkHwobXMs58dCST14Sy92rw
558,0.035,1269,https://magiceden.io/item-details/8knWyX3NQP5QY7vaYPe1vnLT3Ke1wLcTBfyuz77uE3YJ
561,0.05,1826,https://magiceden.io/item-details/Ao6xF9ztK6Cd99dkte6tZt1AizSSqdjgWhuMvRnNg4tD
562,0.0369,1834,https://magiceden.io/item-details/9cNkmJSGsWJML33QB8Be9T2jiWtukFgcnTvGA94meNZv
563,0.05,1563,https://magiceden.io/item-details/2a2xyebLtQfwnTtYvLsqK7bs7g53CUJqH1v7ka2AE8i2
566,0.3,1040,https://magiceden.io/item-details/VFUd6WSPiip8nmTE52RVLkMKHEfHKnuucaFUmhr7YW4
574,0.3,1071,https://magiceden.io/item-details/ErnofzPr3d5XoHKtVagL2MJ6r4UM4hmhyYdomDXYXQEk
576,0.3,1863,https://magiceden.io/item-details/4nahXV5wgEPLFuBkq74tULCTd3J9WFY6MZNJXku47Sh3
578,0.3,887,https://magiceden.io/item-details/9WPNnaWNN7qHyWQmV1WsyqCXLeBgKzkmyFMF6yvcpB1M
583,0.0369,1212,https://magiceden.io/item-details/BLGpSMBTwsw1xJHwvMCsN4Y4SVRSJnDqMxj7x9eVtpjz
585,0.3,1573,https://magiceden.io/item-details/D9GdvBDbZo5iPvogydZF47Zb3W96VcL12hLrJBQgSKFV
586,0.5,1564,https://magiceden.io/item-details/39w48fEMChVdkuTy1unGbbPrchGYpbQubraMAriHrNvr
587,0.0569,1659,https://magiceden.io/item-details/CFGVYqvyf31JPnNGazfvC9naAFcDQftcGpQ8qyyzUEVj
589,0.5,681,https://magiceden.io/item-details/BqbxHyEHRELQawiRiuMj95BE7J7CaN663ERzXvVwbLc9
590,0.3,1726,https://magiceden.io/item-details/58k4w3rWmBn37wSFH88X4Eb579G8WiyeBVjCFN5tsWSj
591,1,841,https://magiceden.io/item-details/AtxL1i4iWr3M1HX9tLxAfKN2hVqLrf2xSafsA7n8vare
592,0.8,1829,https://magiceden.io/item-details/Dz5uc93vrMG6M7Axui5XHP2GNe9T6UZSpZAL5J6uuyJS
593,0.069,1663,https://magiceden.io/item-details/7gDYKgd8QdimwZEqGxJytSyZajS9ezWv87BwnytXhFMn
595,0.1,1130,https://magiceden.io/item-details/9LSFULt9d25JD2KrsH4aDyYB111xnBGu8zr7KMeUm2cL
596,1,374,https://magiceden.io/item-details/JDbWdskP5H79SmPW2tyxRnuUjaJasCJWF5ZQ5eB21fzQ
597,0.45,706,https://magiceden.io/item-details/FzjfWmyhH77hHXSxDZ725VfzXm3thePkEKLpzGbmq3dC
599,0.3,2141,https://magiceden.io/item-details/43Sf9NPoXsLiSzCFxmuSV9gmtsUmsHbcg1M3CNzri7W6
600,0.3,690,https://magiceden.io/item-details/92LPBiTtRobj8tviTz4LqsvHpNxQwoUh6cqTXD6gdUgT
602,0.3,1925,https://magiceden.io/item-details/H84ji9VNJ9yRsznYPKaJherZFDRy9RqG3vSDPnp59hnf
606,0.222,1661,https://magiceden.io/item-details/FLszAtsXGeVmQKr1nUQuM4FyM6AcM97xA1LsXFUSfM9e
609,0.05,1365,https://magiceden.io/item-details/DiFr9UGfQXMxFvJsn48ZUuJBV47J5nZqjwd8rhJkt436
611,1,1221,https://magiceden.io/item-details/AZTXKHxbLEpEZfNsZv9VdPJr3pYrGTQm9FRHW4zi1DoZ
613,0.04,869,https://magiceden.io/item-details/28vtUJGYt8jmxbuLtCoXuNcHE2eR4rZgTGRzGVRrPAwx
614,1,1509,https://magiceden.io/item-details/3Tfd5tTuCuFwzKrSsbXqTWhkXqvGE7Qjz7sxh1qv81XT
621,0.06,678,https://magiceden.io/item-details/7soQEY5XBbL9MUKrbYx94qUyMJcpSPqRdvsc4SCDSTac
623,0.5,516,https://magiceden.io/item-details/EjbrxogDL3L8muyhHweZa5DWXmdijGXdQYnVJJ2q3UtN
624,0.3,2150,https://magiceden.io/item-details/7fHxtW135QJsXs9qYioWMgVGF2MgwwzYgQUV1T4o9fkM
625,0.3,2189,https://magiceden.io/item-details/Bk4LSjSd9KcsiVRnTUY2zJYNNWur2Q7NwM4W35r2KP2u
626,0.3,2079,https://magiceden.io/item-details/Bw1niLkTpg75fusDzWZfFATu6aPJuYEwEVEQqpuPwWzq
627,0.1,408,https://magiceden.io/item-details/GGGicYtbr1fVdgvFcvBRov7vGLwzYBs5RHR3LAFf5bX9
628,1,1909,https://magiceden.io/item-details/7gBLjZiZds24aR94fYCQVVChq5yDmh49hqD1yj5SNNiR
629,0.3,266,https://magiceden.io/item-details/FBXxsvQMgKwg8MvVoxxYSDEDBwb9o1SEdjzwPJcMBv4R
633,0.0396,1915,https://magiceden.io/item-details/FL3oPbr7gTdWcvoTfAyQN1iUrgV8WFTCMMuxjjLwC13S
636,0.06,1260,https://magiceden.io/item-details/4ejJ2aPvy8SHDfm7tNBf6BfQVrKEBLb27C1xxwe3hLHq
639,1,1820,https://magiceden.io/item-details/3Qhn6aBdoehJnygkRQnTMhmoFtBs9LuUBts1f2njsUBU
640,1.5,1506,https://magiceden.io/item-details/BetKcT7sNjNMcGJgtntct4McF1qrRoAUeafBJfyDzaty
641,0.0369,1755,https://magiceden.io/item-details/HE8Sw2rhynt6wpPXfSHvkjGKufFueDjceiiKieNsi8ke
642,1,621,https://magiceden.io/item-details/AZBkXWjZkusfTCoUgTvc6YKmnRfXemDa5TmycAhdNPAg
644,0.3,665,https://magiceden.io/item-details/t51gY8e4YNLAxWYE2XsXtLEQyR7Rwnqom95pHFRzKw4
646,1.5,66,https://magiceden.io/item-details/J5km4FRP3aHYzineHcCovkFEWkEe8vGRDg4JAiWxUh44
649,0.5,888,https://magiceden.io/item-details/9n9FCCTk8uvoWJHxG4nQ34tLjvQSg3gZXoC9XCYQhD9
653,0.041,1200,https://magiceden.io/item-details/FZuR7WLcX7f9HmutkfFQVxarn5YSZK6XhdvgEXuA8heV
655,0.3,1282,https://magiceden.io/item-details/8CbCHrw9M8XWTtZcdWgoR4F9sXpN4c97raGE6cJmH5c4
656,0.3,2265,https://magiceden.io/item-details/Exb7Cc2BveAKUjyL8uRoFfbGc4QX48icaMnrB8md3prF
658,0.043,2082,https://magiceden.io/item-details/MCZxrixsuVn2bynybPg6f9uMZyimXU8zeKCBqX7rtho
662,0.3,354,https://magiceden.io/item-details/93b68YTX7upVeGmVeyqL2HaRb1QN74F9LDo8je1WyKde
663,0.2,258,https://magiceden.io/item-details/BEjixUhigv1Wy4ajQdK1jDZjWoJM9SuRrRgr4d6th16Z
664,0.042,1352,https://magiceden.io/item-details/2721eNyknQe3FsuaGzbdihXLMbZug27fyUj3tbys7t8H
665,0.3,1606,https://magiceden.io/item-details/En7oMkTE7ScRQiPixa5hknQJ2pXJ2Am6ySTErpLz3ANt
667,0.2,1579,https://magiceden.io/item-details/C7qjnTjxETQ9nXD7vMK14nEAYSqwCsDLwzrK7yzG2iLg
669,0.2,2133,https://magiceden.io/item-details/2eKtRXM1z1pjTcsPwcSKGkcuTBsSCoeMucVH6K7Fswv3
670,0.1,1980,https://magiceden.io/item-details/FaDEC9gKUQCCxDH8CwvAyCd5bfmrqwXaUkYZLDpXXRe
673,0.044,1305,https://magiceden.io/item-details/6ApNXZd92cfk5BuperNvXAx1Md4rtpF2AT3mzna2gZLC
674,1,1700,https://magiceden.io/item-details/CAqUPsdV4PFtxk3MvSiShvvjoM1bz1xtvX2BRVTqt45K
678,0.2,248,https://magiceden.io/item-details/BHyFuGQ4Vc8sn45XaVL2jYoS7PTGbWJLPZBPkcVSkM9p
682,0.4,2221,https://magiceden.io/item-details/3sgFe3zuKtLRV13hqxFD6kxDqDEb4v26EpCuixEewFbD
683,0.0469,1812,https://magiceden.io/item-details/EWyck94ewGNnF7xPrerdBTp3pgvh18EyXqcEbP3HVmBd
687,0.06,1385,https://magiceden.io/item-details/ERRLRLK1iRcvYw8eaen5YGbFGdr7wBM2YY5E235Nphb4
688,0.05,1785,https://magiceden.io/item-details/6LqueeSrrNBW8oMFA87wdHxd7AZKXvaE4PS9vSRbBgcJ
689,0.2,2083,https://magiceden.io/item-details/7PNbVPMWKLCZ32AhV2YwRJJBxph3hFEswZba9TtTjoWS
690,0.0369,2203,https://magiceden.io/item-details/DNTewVe3VzJVHSQDTPoZPHNyVrhmVW1jRFj1GUvp1WFX
693,0.3,321,https://magiceden.io/item-details/2VjhzSxGsRefMneEg1s1okyHwq4H3Gy3NFHs5ZYkjWsq
697,0.3,490,https://magiceden.io/item-details/6AV7xVTERdNj2TqFKvs86UtBaQC1PurnUc4DFktBcUiR
713,0.06,2136,https://magiceden.io/item-details/9sd7tPF4pbx9MtbeD3eiFSL6oKVjNhCcQ911sQvx55XS
716,0.069,1505,https://magiceden.io/item-details/EkrbP6BzU2A5Ui1XnUiETwcgR8U2YL94PjxKx6b7dSjV
721,0.2,2155,https://magiceden.io/item-details/B1hj3fe1JWUFVdjth9iB8r74Y2L2cN1RudbzhbZ8KCps
722,0.05,1790,https://magiceden.io/item-details/GEaqFycrZRNtT86A271r44gpfvvZ8WHHz9sZ7wdZtFN8
723,0.2,2241,https://magiceden.io/item-details/6THEhm6Uiur12Ea5u4nYtr8TeQEGmJQsAD61f2exz4JA
724,0.06,2009,https://magiceden.io/item-details/55syz2dnoNEdevJFsNiWEsaktkBgoUHGJfZu9zissDTw
725,0.0374,1645,https://magiceden.io/item-details/AdhsN7ZgWMGSFkFXXVZbRmPfLEFxSdLr3meYR7ZJhxUd
727,0.2,2113,https://magiceden.io/item-details/HuouhrczDYRbQbH52K7fW7WC38FXvriJbA34REfJwUoq
728,0.045,1619,https://magiceden.io/item-details/GuZ8V9t5b8xUdBugtcbRY6SSj92vMk17LWHq16GRddTB
731,0.033,669,https://magiceden.io/item-details/4DiZUF6xJNgNH5YvhZCQSV7GoFtsjMRPWiYaCQt3eNdU
733,0.069,1424,https://magiceden.io/item-details/32JxqQt4RPNiyZAbJtQDnq75Hgi51SX3NHQ5DnC4fCqy
734,0.05,947,https://magiceden.io/item-details/Ekpq1MwBWZyaxvHyjqT4SyZKP9EMcSf1wAwwzLfq4HiM
737,0.3,969,https://magiceden.io/item-details/3kJHV34oVV6k7C6j4H8Ap2njKe3JHtMt5XK9jtkPvR3G
742,0.3,1437,https://magiceden.io/item-details/5uYftXygF5DVZuYbf72mr2rHEpcLq2u17Qpai2HYkaap
745,0.45,407,https://magiceden.io/item-details/DC85AwuEmD6P6Sr8EPrp69ed3C9HjRJk6M6aeuu8998H
746,0.49,59,https://magiceden.io/item-details/AmV9SK8z7WnaweTmHXVcwMVgj4D2Y5FWosN6XJwWZi4K
747,0.3,2008,https://magiceden.io/item-details/BStffZuToeu7hd8FbbUgJWfM7Sz6Are49wptvER2Vfbv
750,0.369,1354,https://magiceden.io/item-details/HbBSXmWjeNDktt9snxfAX43t3xptHBn2mPq6ZgcxgZn4
751,0.04214,1856,https://magiceden.io/item-details/8e7r3PVLWeYw4cbvgqDMPczmEnuxFFskenMQkMBXJ9zb
752,0.5,1487,https://magiceden.io/item-details/HLD3jFDgRabfr7nNaPM3Hk8XCykuo7GbipWR4rtg1KFu
753,0.052,2110,https://magiceden.io/item-details/4q6cy3hjnGuMG6caLgSKmyPSDWvzg5cLCnRjxCp8LLKa
755,0.0469,1654,https://magiceden.io/item-details/4F793qWQLPdvVj2z9RiXe13DwXyS2BCscRaM12vwMU9k
756,0.05,651,https://magiceden.io/item-details/31dEsjciibAPYS14oYHvfCTKPC5YTx2qJe9j6b9b4zqP
757,0.042,1718,https://magiceden.io/item-details/CutK7Qy92wh421T7WPBu1imxQAkA1Z4Fo9Z1K2bFZCCD
758,0.0475,1963,https://magiceden.io/item-details/5HggrDWkfmwS3bxYiuZtAcjdZKyvLiK6WQMb2GhFD9yb
763,0.0569,1937,https://magiceden.io/item-details/4CSb1z8UVGqwJmc3b8wpXX5PsCp1MmYCNe9sj45o2tMS
766,0.1,668,https://magiceden.io/item-details/7V8rCecrVLub3rhpjt7id8Kig75HGjw7oLcxjc1kxeBy
769,0.04,1986,https://magiceden.io/item-details/28rtsTVweoiURU5vK24MUdn1McaFKHmegKQwmFxwYq2i
771,0.069,1135,https://magiceden.io/item-details/CmhnQHHVYrmi3uMjY5wnPeccoDtH4erVyJ5jirkxrFNv
773,0.0469,1145,https://magiceden.io/item-details/41ixWHcMj3FPGDwsYo8q1LYH4b1q2fdDS5FdyCS2wK1e
775,1.5,270,https://magiceden.io/item-details/5Qoz2aBDsJGDrgd6K7bK2Btr73c4r7927tHvQhoCwugT
776,0.2,494,https://magiceden.io/item-details/6mQy8s4Fsg6SNwJHRDx6cAjLMB1ufnbYkqRmAkpFRPTU
778,1,730,https://magiceden.io/item-details/CmvcVTEwSZoK7JHyqHvrYggfhsL72Hv4sat9Ri6EGkdF
779,0.2,2193,https://magiceden.io/item-details/3MeqD5AmAx5QnjikL7k23s46KoayVsysSYCCceNfoEps
780,0.038,1459,https://magiceden.io/item-details/2Z9tVzTJnVEQTCw2SoA5faobr6mCKG9LNHq2w26N4Mtr
781,0.045,1720,https://magiceden.io/item-details/41PVTbwj6Guvin2uUGqTkzFq75cffy3NqNxAjcp1hGKz
783,0.038,1456,https://magiceden.io/item-details/ErixCERWZfYpRKyYbT5KcGx4JAyHQgLqeC5VR5Rv7yWm
784,0.05,1270,https://magiceden.io/item-details/2qcDQpkXeoyzpk5yjVdSXEp5U3jYnVmhsPF7N7Y3xzJi
785,0.0389,1155,https://magiceden.io/item-details/7WYjvzXh1g6H8535tY1FosDufGwirUAxBHi7CnVRsEWs
787,0.12,320,https://magiceden.io/item-details/T47SRvBtGBQTZshGjNmrjfPibhR9DJnWsq7224j3hn6
788,0.2,184,https://magiceden.io/item-details/Ae2dVPRSW2ZwonqTmoNM37AEYnn3MPhiExfMbiaaUA9Z
790,0.0869,714,https://magiceden.io/item-details/DSBMJmY7bkB11cXk6RdfJY3cq2z5L3pn7oQtfFxMuGLF
791,0.0369,1644,https://magiceden.io/item-details/9frNmFD74JTXB7dw7NFLbiuDZua5nbWeSp5AeKKsgoGF
792,0.0355,1998,https://magiceden.io/item-details/Htp7892vBQM1Y13noERnC8bWChgg7hZBFvFZZNDLq8NP
793,0.0469,1533,https://magiceden.io/item-details/AtJ5vViaHAyzzYJN5Wo133itPC5xAj1XsiK5s7931y1a
795,0.2,2123,https://magiceden.io/item-details/Fx9c8brF9G1KaH2wZ2FiX9nmzUiHdGmgZd86Tm8PtLbT
805,0.15,383,https://magiceden.io/item-details/7kH1gWMb12n5FBw2wQpbkwwtp2WFkNR4oiY6DHytazNX
809,0.3,2215,https://magiceden.io/item-details/Br4qG2n8Wckzfymhj9B8dNqSp2Foh9NTD7vWGCjTAeWf
810,0.033,1548,https://magiceden.io/item-details/AYBStLd4Z7faA5J2Sbirfoj95fcBNJfwqQVwiSBaeRbC
819,0.2,357,https://magiceden.io/item-details/7pge32Xcg5oS9dKkjqBiA7fv6DLmw38TW2EsUmfkC8ry
828,0.05,1680,https://magiceden.io/item-details/9eiQAsnj4g62g1LcMB4Yk3ShGGsxtZaxQMpuVYGHnjaJ
829,0.05,1918,https://magiceden.io/item-details/GjvPpykXDPYrnKsu7FzkovMhbw4aprG99BA3GnWKDy2E
832,0.1,1976,https://magiceden.io/item-details/HXqSM4HxWFwaSdbySqh6DXFsxxAbXeCwhGkcwxsUZ7KD
839,0.5,962,https://magiceden.io/item-details/4QAsBWgmMSbrPDErfS9Ejbw59rpvr9S2fxFn6FY78pga
842,0.5,1136,https://magiceden.io/item-details/4LLV1E2wdf9WVzAkhwW59Caz4rz1EMXxcpNuV1sbUnwq
847,0.1,2061,https://magiceden.io/item-details/4ttpPvi5zyr5UvNBu2Um7CxSTtQ1SkjCfDFRayu2bpEB
859,0.05,1797,https://magiceden.io/item-details/HCE3CnzcJEJopFiow1XXJrsweNDz7KLrSievgQ3CJZaf
862,0.29,311,https://magiceden.io/item-details/7vnbh4dF5MDnbCe5NjorvC1a1R26SySRLv3K6BVTQqVx
882,0.08,1126,https://magiceden.io/item-details/GXBDToQsbL5FJM2oeimZKsWfWDVorp6A6nsRoFDzbUJE
888,0.04,682,https://magiceden.io/item-details/325tjQkqtzVFmc2F5wc9ysdfq2Drr6yaCwmabdbANRwL
892,0.04,698,https://magiceden.io/item-details/3qtGzFQCcEkDHbFMgZ7KFAsrE4zaVNbapVi49VW4TMkB
894,2,86,https://magiceden.io/item-details/CyxfwX38qn6ty9bXm5V1mTQWzjAG2WeUyUPoTndYr1gi
900,1,280,https://magiceden.io/item-details/4C3BEkCAkWYPV3F3dadjH8BAce9kmAWX3PopkD262iFR
901,1,211,https://magiceden.io/item-details/B5AxoQZteihfo9PRUxPHfL7LgnAhjiJp6FJgKAJ4oeuE
907,0.2,520,https://magiceden.io/item-details/5LBEJEqmyMBPoLvXxCLvB36819d1aoCXLcceCayFcFDk
909,0.05,1067,https://magiceden.io/item-details/FsuE9WiZWWYcfB41ARuABgBprCtXFiK6KfvmNHfnaiYk
918,0.2,1416,https://magiceden.io/item-details/5zAs2WcsUrsj2kLMLvutMceyJ1ShdPgEn1VYEv5ukuiF
928,0.39,323,https://magiceden.io/item-details/CNwFFJQeDMWRcwJ3PkXFeFW5RVJ3Dbe5rc93zqCXcnC3
934,0.15,790,https://magiceden.io/item-details/BHmWNr3WjMAPzQnydjSoKMgzz3rfK2ARFs2cDnkx6EMX
941,0.444,1407,https://magiceden.io/item-details/4wGbeEpjoEcVBtypovgzyZ6fnmbajU9NERFA2ywQHxbc
945,1.69,565,https://magiceden.io/item-details/2Kqyugftz243gDxFkJHB3RGXMQv1NqnSdA1xKDqfaKMd
954,0.05,2055,https://magiceden.io/item-details/Hmc4pzndo6DX9YQHNXG47T4wM6sndz3JEyXK77Hhj3Fu
971,0.12,264,https://magiceden.io/item-details/7YWvrLXQM6QwwzuRiPKc6nNG5eeb15EEfgP9Liz6F8S7
972,1,1251,https://magiceden.io/item-details/FRpw7caLBUsBQnhGUJCmqd2M9qb3nt9JXe7iG4KWUYqM
973,0.04,138,https://magiceden.io/item-details/DokRhJfPeVUNjw7psNR1ouP56FZMkSa4n4kpeRWjyCDe
984,0.15,197,https://magiceden.io/item-details/9J9tbhTTVmFUWi7xYiCciWBfGR8N9LkyKaCC48xG3Rkg
985,0.2,427,https://magiceden.io/item-details/FtpYsdrkBmjA7neGAV3jGem5ckSedBGmfnWtBi2cq6LG
988,0.1,1803,https://magiceden.io/item-details/Ghatnmb518wTGC4ZsQz7BZPUw4i6sioVfy5crX9GZZif
995,0.05,1482,https://magiceden.io/item-details/BV81cCJLvBEA8LB9BqeQYkq9e12Wy4bnoChY3nUQLGz1
1006,0.1,797,https://magiceden.io/item-details/BVqA8YUhxcFQWLS3bCYHoErKomiPhqwnsLHWf96QxbcH
1009,0.695,1999,https://magiceden.io/item-details/EQFW6T9bXzGHNR4jmtoxbW6Bryp4DGs26ERPUtGkhdJ1
1013,0.1,215,https://magiceden.io/item-details/AsP4CPtUU3oqzpvux5wC3YJPH6t7qCFyUPF6Z96gkHR9
1015,0.7,537,https://magiceden.io/item-details/5wY4pyimqJba1bWm8wK3XduLe3mU348XrvY3azmQoVsn
1021,0.6,1743,https://magiceden.io/item-details/Fw33JLwUFD7Qq6rtuCMxg3kr51usgr4ZjzTmSdRajFGZ
1028,0.863,160,https://magiceden.io/item-details/HnqDcEoup3YJ1iq5GbHvQCrPp7Qguu54ez68xcZmSYfQ
1029,0.6,776,https://magiceden.io/item-details/9STjS5ai5aaWKdbGnXDwVA5rcBQiyFxDtHuxYYg7WJzP
1032,1,250,https://magiceden.io/item-details/CN8UEjR7wVurXcAED4DXYiLaJm94XLEa5boQVde7J8oA
1037,0.6,1635,https://magiceden.io/item-details/BXLTvapEVhGsRN5CAebUzgpGRupa3mKL2dcZYgMFDxNq
1046,0.99,2076,https://magiceden.io/item-details/3TGqwHEfLcGuzhBhXP8iLvWTsxabYqi1aWFdkQMB1TZv
1047,0.7,1038,https://magiceden.io/item-details/Ehc8LunkDfHWAZ2oCyYMBs7DCBTmaMt2cU6yVPB5R1wc
1048,0.7,116,https://magiceden.io/item-details/3qgkxCnokY1Mc2Qrg1sUuGPB5wiRBHmcia63GXXKRt7d
1060,0.8,379,https://magiceden.io/item-details/EEP4HQdHgYMP2j2axFjhw1xhCV4mvQLvRjEuFkgPxB7T
1062,0.25,2115,https://magiceden.io/item-details/2GgcHnVbfew8rDyLNZrez5H2GjXChyreLNqJXUXeEGaC
1064,0.5,1892,https://magiceden.io/item-details/F97FfbqUKGvVAwJcDC2oLN6BaUC2HRve6tfabh4FbKrv
1070,0.2,144,https://magiceden.io/item-details/AskA6uTH4LSGzf6HgpQhPQS88rpz1k96tigvfNackMiq
1071,0.1,1971,https://magiceden.io/item-details/ABq4u7W1kmjhaX9R3e89L9HSuAbMCEbA8AqnMD8XeMpQ
1077,1.5,106,https://magiceden.io/item-details/65fvGQWXSui7qZ8Wx92tgYWmVVXTPWoQMwkfRTeBp4EG
1079,0.9,1636,https://magiceden.io/item-details/E93ppULnzYLJnuzDe3d5NfgqpY3pbAkLNNRra2CJHYch
1104,0.7,446,https://magiceden.io/item-details/Ax8sDyYx4oszTudroqJ5z5yLE1EYPyuD9UpSMHbxqauz
1105,1.5,296,https://magiceden.io/item-details/4jdTSiJzTbUrp1aEYRkJitC9MGDqu71U4Zph2J5H23vG
1106,0.25,1618,https://magiceden.io/item-details/4KWzm8Pn1nAkvX5Akc1fiwo5Nmfd3jSHdz24jPcxYgXo
1107,0.4,1256,https://magiceden.io/item-details/6dRkEv43kHTpD1A3xotjFjSNNfVmjozycuMPLBwD252a
1109,0.3,2194,https://magiceden.io/item-details/E1LUhjk3myKHBHHCo77wMq46zzviGDYvz1QGgJoPx2ce
1111,0.5,1008,https://magiceden.io/item-details/3yG7a2ngTEtXpvh5mqbYAYQmm4jpzyRwAD2hFtQqAG34
1112,1,572,https://magiceden.io/item-details/AMn7KiY1YUkK8XwQtHFg1uQygdG6ToSkWuic2vBpM88n
1113,0.3,2205,https://magiceden.io/item-details/FJv5TfJqELNsHoPZUF87Pg6SyFYmuUHUfcABg59yMRef
1114,1,607,https://magiceden.io/item-details/9NTLd33fCyhtd9dxwtwuDUV6XuYNLpPCirkhL8QZCUfy
1115,0.2,1494,https://magiceden.io/item-details/DuQ1LpEGpy3odaKe8kAqvGQzVfGVfwGTeBSdYd6sqW7m
1130,0.15,847,https://magiceden.io/item-details/FLB7GiAVtctrvG7kUFzY5viAfUCUSaq3Yv8Ynj89wHjx
1137,0.3,729,https://magiceden.io/item-details/RRenLEeWVk7mpPcqjeEFYD6c3P9fGmhDjRdNXtxpMuo
1146,0.8,994,https://magiceden.io/item-details/7aWbGSbPLrGDRrSEr7RJe527dhFKeApmqxVwuazesjVm
1160,0.2,1277,https://magiceden.io/item-details/HnaYnjwAWRuSQsgAYjP7RjuQvcZm1vwQK9oc1fzM92NW
1162,1.5,2225,https://magiceden.io/item-details/8Vb7rLs5KBmf1d8YWRk7L1BWQVQZtTpfiGFs1omRzFxy
1175,0.029,1080,https://magiceden.io/item-details/5Rec9K5rp3DrknjvpBm5nHUtJrjuFHPyxpZmYsNHF2tC
1184,1,1410,https://magiceden.io/item-details/6E3mXfgikDHzQjn4kdo9e91XUVZacu9QBksW15FX3SMn
1193,0.6,831,https://magiceden.io/item-details/EMNfTqkyENgtcnr91CPRLFABEoz5xqmmqzpK4tNoUSVn
1197,0.1,1046,https://magiceden.io/item-details/GDEE31pKnGnJake79DBGQXaRTKypc35LsxVo8472Co2L
1229,0.7,1449,https://magiceden.io/item-details/7CdyFw1JzvuvmftnxoNbxcFXEEffGaPbShRiRgxFcYjK
1230,0.6,2165,https://magiceden.io/item-details/7XMRHAbQqwqTDnoiZNTGjBDCuwfDd6nd8AvAcLY11eGY
1234,0.2,1311,https://magiceden.io/item-details/FJQYUrnyhKdBoLqEiFEBxTHDATheLtP9THwAdbNzCFgZ
1239,0.7,1123,https://magiceden.io/item-details/BJjF11h8b9H4KFLocFiMQ4KDkMMkVUrxUTQziCJq6ieL
1242,0.5,1713,https://magiceden.io/item-details/7grnGca8sHxZN4X4vCYxA1gczu7VpHUkmuRrCeEqHiYm
1247,0.0895,852,https://magiceden.io/item-details/DQX4GjxobdRZiuqAqFnjzEcnnT6ai42QJBVXQogqnwdx
1254,1,2244,https://magiceden.io/item-details/H53gGVr9JvEa5HGQ1vnsAWERQDy1hJXW6Z9uhvV5Qsap
1299,0.1,1109,https://magiceden.io/item-details/7MZmnQQQvEzdbvBhFtNRabdXkiWHp37nPvhCXVU6s5Nt
1309,1,1182,https://magiceden.io/item-details/79K8ZtpCAz73Y993pAerFtPWoKMNANYiNyub9KXJigwq
1316,0.8,626,https://magiceden.io/item-details/CfpCus2HAJUb5H2YHME7HZ2QVDXLWSQ4zsTksqvM6qZd
1321,0.03,1964,https://magiceden.io/item-details/BoLksExzWK2KiQLxWh6djs4vGhJW9bJsmsVRP2kUZhUk
1324,1,554,https://magiceden.io/item-details/3NfgJamYBVDXezBqpdBp7oqHrqT8a5gjW4rN5ajvf2Gg
1337,0.08,522,https://magiceden.io/item-details/6dp7fHnR66fCjY2AYAgWDNLLmQVnHMznDmXWGhSMqPqU
1357,0.03,2054,https://magiceden.io/item-details/99vANvpjHNgfff55kwhzvomuJqx2hbBAPTNRmXBsqiP7
1360,0.04,2077,https://magiceden.io/item-details/9TPBeC28dEgetT3NWHinwXrWahc5M9Mt9yfttfZRKmt8
1361,0.03,1215,https://magiceden.io/item-details/4JKBE7JGeCkTxQZENh7cqTJt9pSM8rTyYFTZDkHxr6H2
1368,0.5,1923,https://magiceden.io/item-details/95Q1rKDu83in28UPJkYHw5FnVNtkULUAsMWfwGAnMsdr
1374,0.04,712,https://magiceden.io/item-details/DyqQwVsvdnngEC6L1SExvPWjpnUpDdiuMYW6XMh8b69t
1381,0.035,2034,https://magiceden.io/item-details/BWPq2PPNRyTYt5vMEKK6jKjQ8JW1XfX56zzfRSpmsShh
1384,0.2,125,https://magiceden.io/item-details/8stoobCsYczmJpEfqh9gxUW3ZTg821ehCNoNUHacHc1W
1392,1,1602,https://magiceden.io/item-details/62FeFPxJjYrSBa6e6yeNhwdSi6UwogLEAPBd5zJLgMkE
1405,0.49,711,https://magiceden.io/item-details/Fd6xXW88XLtT8oK92uoMtcZ1YYwqEMr2dwHVVbdng4A3
1418,0.2,1314,https://magiceden.io/item-details/29MmGAKKfMpVjKHXhiRASjaMiRZNDzqmoCfFExdUEE1S
1422,0.3,234,https://magiceden.io/item-details/7NYtde3DRWH9ayYGNtQ2K3z4QVvi65y28Mss1S3mcSai
1423,0.06,1562,https://magiceden.io/item-details/6FRwL97YvrYEFn7VKu92vmXgmAPA16zvu3B9HhKDug9k
1429,1,1647,https://magiceden.io/item-details/FcvPnwQHTXQgrU8UdiC5N6jCyKGivKYFsaKh6vWhNRgu
1442,0.03,1503,https://magiceden.io/item-details/CbjPHgdibetgW9KjjbFdXPVz4h4ggLZG2MNNqjqsgFjB
1446,0.2,2210,https://magiceden.io/item-details/H4BbxNwEoTDCv1uWaEfL4NZcALsx1NViRG7vMne3DZ6B
1455,0.1,1922,https://magiceden.io/item-details/4Q74dTACFPdHi3QYKYo85sg9a2nSYmEJ1FT6v2TRaZ8V
1481,0.12,375,https://magiceden.io/item-details/8ba51XD6XkgzgoJm5NqJQeXx2oNyKHSHgBCMjBkMHuM1
1483,0.5,1462,https://magiceden.io/item-details/2AMXqUTiRGmGb7ptVdNKpVwURXywRzgKCLPB3PWotWBP
1486,0.19999,585,https://magiceden.io/item-details/8wXWv8kBni6p2EhmcCRuyRqGSjAGbHXRnZFPYTJFh9vm
1509,0.3,1511,https://magiceden.io/item-details/7GR76K6zyMgWfZYtELys45RTPxkaswYfhSmXw1PR1y6G
1516,0.65,667,https://magiceden.io/item-details/F1zdi5AedPmWRgub44FKtD4ArYMLgM34nDnciDDHMAgs
1518,0.5,49,https://magiceden.io/item-details/Fpb2vUCmqtfGtSC5meLEqNQgru3iPn1NTZdcmPiybeXo
1532,0.1,1129,https://magiceden.io/item-details/6NdEDMwizhjpxkKMYUogzkvuMjcrYELsVC8TxVoXsAps
1536,0.3,168,https://magiceden.io/item-details/DWXAeoBkV1T8EpSTuenubLjMrsD14ApFvjRw21WPBYH3
1541,1,1805,https://magiceden.io/item-details/BZ8JRnhxBXRb77AGPM7Ki9SvzbPtiBEpKWb8XERzxwmL
1544,0.69,1434,https://magiceden.io/item-details/6uDXsdU6eMM2PuE52ERSBHcYtgWaf4psgK66LufjKHQV
1549,0.2,856,https://magiceden.io/item-details/DcDkpmE5YJ8B1sBmkduqs8eVxPRBKAoJ1Ba6bFMijT2v
1556,0.03,1568,https://magiceden.io/item-details/9kFj5xwbQswoMQUrqaVrzMDFwVWpm4RYrpmSrSvtnmx8
1561,0.1,217,https://magiceden.io/item-details/DPUyLdH3hb6wfoU7cm9m4AJ2bKWfUVMY5SbmFMMnDbYB
1562,0.99,760,https://magiceden.io/item-details/Eki3tiXYEkZa4kfe4q1xW8McfMXCByw3zCFT5oNiJT2N
1563,0.5,452,https://magiceden.io/item-details/12Nfm4tyVrUbwTX8ThCJG58JRzxhrjENaY8iDHG5rEJJ
1566,0.1,1440,https://magiceden.io/item-details/BqvBoTuXtwiapNWt4jyka4ASb2wygHR8HRYFYG919RDK
1571,0.04,1122,https://magiceden.io/item-details/Hr6L7zjiRCSGrcjzcrgTZrxid99QcbPnnyaWufoFJ1zB
1577,0.3,2051,https://magiceden.io/item-details/9kmDsfxRB2WyzevP81sqfVceQ2vPoDSuWqBT8GR3qELM
1579,0.03,2036,https://magiceden.io/item-details/7QesBWJ7hMmVMcK54u7LFZNT5ZKwAhoBcRvSpt37Z7fr
1582,0.1,909,https://magiceden.io/item-details/45EUqUH5GugabBeK5cgzigtoLN92Wdvf4u4E9wbV2dRj
1585,0.06,930,https://magiceden.io/item-details/2mnRcmyyBc8hsUPtLAj69VhRCQHeeHCB9FnffDLLZjkG
1593,1,519,https://magiceden.io/item-details/CFSPF7svr1tYu11WzuaiGV2zKbzsVybPt2qULvBcstHx
1595,0.0369,1762,https://magiceden.io/item-details/7tRfNHPatGMyhL5xU6xUeh2H5RktxwLGT9sR8TmTV7hD
1599,1,517,https://magiceden.io/item-details/Gq8JZUHaepEpmPtbe8Sb3sTxpwHdH86SPDnJhcgUTssV
1604,0.3,1180,https://magiceden.io/item-details/CxHzgxbr3k1XxWcj919pz5T1QjrB5WrwaSW3dAMxnaQQ
1617,0.9,981,https://magiceden.io/item-details/4ZbYE1HtYqu5tYXf1menfcYhohrWR9q8qHXzT1whVn4N
1622,0.15,783,https://magiceden.io/item-details/GAAhg7T4sSyQFTajSuGNgo9Rjsi3LnD1X89ytX4MZ5kK
1623,0.03,1031,https://magiceden.io/item-details/AK4fKLY3sdowK2fXhbH6V5Uye4S5RUuCfvxmiSkwL7mp
1628,1,1137,https://magiceden.io/item-details/GbDeoCX6s3LouxpBdWrN43ArXKUwjRdzXx1rKXZJZ9S8
1631,0.555,1093,https://magiceden.io/item-details/GxAC5So5CnvVZi8FwPKGvdcjc6DwCTYsiiftw6GThJjj
1636,0.198,317,https://magiceden.io/item-details/Fcr7GJeh5HcZbdeasSCsSQiBAry4WoRdYp1RYTH6Wz94
1641,0.5,697,https://magiceden.io/item-details/2CEy1W17Z8FJMgCH2p8Zqcfd6CLM5s6ebdrRWJxuCts1
1646,0.5,2137,https://magiceden.io/item-details/BifZFqxGH7qbNFXxUtjNjeMnRAdJxNY7YffqkM1GoyQM
1648,0.06,683,https://magiceden.io/item-details/AWyKbe7uMwQKwBg6sm5HKo9e6PgXnNHGVbHjGGdqkAJf
1655,0.9,107,https://magiceden.io/item-details/4ohJ9dZuzGktLM9bhrpgySnMBDY7JuJZscS2kUF8Me87
1659,0.95,60,https://magiceden.io/item-details/Bz1eUnr9L78tRhaxGrmZqCVWBXYVZCdB5QFkSRMRu3cP
1669,0.05,1537,https://magiceden.io/item-details/FTdVGhkmN3dZcHyKc41TUNCbyuFR9uH3QpYKoYnwmbVu
1675,0.04,2128,https://magiceden.io/item-details/EMRHHFVEJ6m7nh7FCCiXhH8YYNsbqi9koCfMwxuuQ7U2
1677,0.5,1871,https://magiceden.io/item-details/F7a4VD8nmca2XNn1c4v73Nvpo861CVAs59xERRZGgkKm
1683,0.4,614,https://magiceden.io/item-details/4CDdBMBJbgDKmPYVoFWHWJQeayWEdsEir2UYnxQF8ahH
1684,0.4,1376,https://magiceden.io/item-details/BvsgbRUVWxgKAD15btdoAVeuoNQDpEmF7TawuNaUx7yJ
1694,0.1,1727,https://magiceden.io/item-details/Ff1UasZhDyasaB9bkdv2Czh6f9DZB1XEwJ24kU2zvjyK
1698,0.06,632,https://magiceden.io/item-details/88Rub1WfPdSSL6NtaNSWGc2fJBahS4wJeyGedQHNVipB
1704,0.9,78,https://magiceden.io/item-details/DXMe5BNrV3SrDiYJLiJGQh5G7mvZu4uhLUdpL9VT9bM
1705,0.1,1083,https://magiceden.io/item-details/7uQZTqvFJYyUz6jmFxRWbxd6gq1qMWpWQKMwXMLhuAg8
1712,0.71,464,https://magiceden.io/item-details/2iQ71MJVAe8E8wKJLvACLfwof3anCy6vQYHJVYU2jvYV
1715,0.5,523,https://magiceden.io/item-details/BVfuF6rw3sLZCeZXndeCZszZUR9ptzsS2ucW2iv3Wq3F
1738,0.55,1979,https://magiceden.io/item-details/Hih8k5YC4cLr8chwCWDRE2a32UN7apxPPaTPFQkRNjZ
1748,0.05,2185,https://magiceden.io/item-details/3eGG6nGbW5EPGraCYcFq7xZ7ACP2inWis8ir7amXstGe
1759,0.4,76,https://magiceden.io/item-details/HHnHLLoKQg6v7JBLEjZnKz4UTujWhdtDNJJ4zx2RtWqx
1769,0.1,1184,https://magiceden.io/item-details/AB1ozuQHPhDxZ4bGjDudVvUV5zC77GW4wv32LraUcwCr
1779,0.04,1095,https://magiceden.io/item-details/GmVGj1r8zaixAQS4thd79G5nnZ8kyAmhaoZdCsdaExny
1784,0.8,1127,https://magiceden.io/item-details/C8NpJWqgU9gVFAJcPH6DksSfzQV7Qu7HZGrhXREB2xnm
1785,0.05,1557,https://magiceden.io/item-details/B2L1vdHfykGDvVmn6mBjDgMRhgjNvTuKFknWhTSTCxdH
1797,0.5,2246,https://magiceden.io/item-details/6AanRNjXoe2ucZx584G5FjEmXZJZwVkTPSzYYDmG3CcP
1800,1,642,https://magiceden.io/item-details/ACgcCUSRRmi28dfmf8gnW12QyFhGwsy1vgGy7ernYCsX
1809,0.6,786,https://magiceden.io/item-details/6hog3zQdk8M9n71VpCy5kWiPT4addhQiR6hxXbX2sAMY
1822,0.5,2146,https://magiceden.io/item-details/GsDV2JR2YTteXDVRx6DHqHkUu6rfBoHqExys3uH4pQb
1823,0.1,1652,https://magiceden.io/item-details/CauVyeD9BDP52ZsVXqJC6nMhUuT9x9dWxUEvPpjqjmvw
1828,1,1264,https://magiceden.io/item-details/AYNUW8tRWu3XmJZdzh5Ey5TxQN4yzZs2fvdqgEf5c1CH
1832,0.05,1735,https://magiceden.io/item-details/9dZvchMhwRUeBt5NBitb9aLfjhPuPdLY3p1LrtuFnnfL
1835,0.29,1240,https://magiceden.io/item-details/3K4T5o71eXsLDqFTtjMMEbMnfQJPfrRYsotTmytx21tH
1844,0.035,1087,https://magiceden.io/item-details/7u2y8vSYNuAX3fzQFdnr1hdjQSG6N3j3MJCsdHJRfejY
1849,0.1,206,https://magiceden.io/item-details/7URtgvJiXDqaovMethXgh815w44zW5n4qvWnx4Jr1gzF
1852,0.1,1518,https://magiceden.io/item-details/FeaEGmoa4vbpZAcc2vrB8TE5TmLABx3Q3bqcUFScA7LY
1864,0.1,507,https://magiceden.io/item-details/3CcAuNwvgY3WSpSkuXFm9HGc2f3PndVSnz6oh1m55Acn
1866,0.29,2028,https://magiceden.io/item-details/GReMSBnsHara8WiLNjQWm4GxDDjPgFV94RTiQeUEzLfG
1867,0.05,599,https://magiceden.io/item-details/2tW7pjYxM68ZT6FF1cErvVd3GTStb1CCrmEdsBRVe5of
1870,0.15,262,https://magiceden.io/item-details/FkL7jJj3HDt2h8wc1ppGKvqTnVWrCmpgWGZPJu1qsMSj
1871,0.1,938,https://magiceden.io/item-details/862PUx9wR9dRye5odsdk8nj232U254i8iDUJaU9wsKx7
1883,0.0399,1263,https://magiceden.io/item-details/8KBDagUfNFBm8jqgj5b6PjFsSY1LkDS5RDZLY8mgf3id
1884,0.03,1178,https://magiceden.io/item-details/H51gC6RJwtnWgAfnroAQuo447rifZtmsY6WSDXTfZMNZ
1893,0.1,1258,https://magiceden.io/item-details/DBdaVfsD7GmxhboGmd6W9dhTdPHXmPsFPCUrxaUGeKjq
1894,1.25,620,https://magiceden.io/item-details/BSULvfWDRBoYjAkshodBHSFac2DTu8LYW5ZZFD9uBLMR
1896,0.1,700,https://magiceden.io/item-details/HLMqjGxrjiCaeuhT6jPmp8R7iP2vw3W6wjq1uaEGfPu7
1898,0.45,569,https://magiceden.io/item-details/B8MwPsWx7yrhqnsZWesen9Gd3imK4uSpQN9KFWGHv2hQ
1902,1,1961,https://magiceden.io/item-details/EfuiHkq5u3EPYEoX3YJwRmhaxE6AHYkuGCGs4PGsnoVa
1908,0.5,2125,https://magiceden.io/item-details/7xrisZZz5Az4G9cvSi8fBV3Siome9FkYfMWAxia1wgtV
1917,0.25,1010,https://magiceden.io/item-details/8s3UoLeC2An9pVtPW6g58TxcDZU2PVZi4q74Q9X3W7aR
1929,0.1,1266,https://magiceden.io/item-details/CMLn5HvbRRkiWvytSr25UfwDhkEp9P3fVjoQyze9aCvf
1934,0.35,1064,https://magiceden.io/item-details/Bq937szjQpA5scmBGfxdVjXvjjXdZqfURjwF9ax33kKh
1938,0.1,2092,https://magiceden.io/item-details/EnUxc8YbmrY3HkcmRF2KMD1tRo7PzQ4DxmkDtHLAvHR4
1961,0.35,142,https://magiceden.io/item-details/DGYnv2EFAtEZkXugF1Q6cKnbm7tGCvdj8zNjxLqbJsZA
1962,1,429,https://magiceden.io/item-details/AzXuECYVWXqmSnWs8kmkDbas8RNXBU8ZgWqEP7yXZmR2
1966,0.2,133,https://magiceden.io/item-details/3zsz4jAFYjxeSFF7T3r5Xcwa3Mwwv6mYm14iLdCqKiLG
1971,0.05,367,https://magiceden.io/item-details/Dug3tqM4T845Ky9sqp1F4aqpGQi6scbR6mYGwicHeBkc
1974,0.032,606,https://magiceden.io/item-details/9fEVGP6pru6ZMZobo1n3nnNSbaf79Vynys1bXNYVUzCN
1980,0.2,481,https://magiceden.io/item-details/5DYiabdg9LrZ59sF7vv7W4cgqUFVEnVZ4cauE7RoopFt
1993,0.5,1792,https://magiceden.io/item-details/4gpFR5XzzDV179M2PZzmWrLsHi33ccunEHJS9io2KyxY
1994,0.5,1622,https://magiceden.io/item-details/2h1HbFTmadFTiF816yGbQznyGHj88P2QpRHn4XbF2Cy4
2000,0.45,1387,https://magiceden.io/item-details/7ZaWcJcLmNU13mVfeyadx2di7cirXQ6Rud5s2U1yzPRc
2006,0.49,1648,https://magiceden.io/item-details/CzbcTjbj85t1HLbFyXVa9xpD7BPhx4kDgF2634hzn82h
2017,0.39,364,https://magiceden.io/item-details/DZgbmL49VhBoKXu8TwFGhrrkcau8XDWGsYhiVceo6bbR
2019,0.18,1328,https://magiceden.io/item-details/8KVLgJDW8gYgwFT4UHDKF8STMBqZFYJwfLQSh6g9N6dj
2022,0.08,1250,https://magiceden.io/item-details/8aVBDiXzSHRydmx2A6ruDwp26NE9zvJ9PzeMdyPCNy1F
2023,0.7,830,https://magiceden.io/item-details/42CeK2Cr3NWiFdD961eHCshzATrLu5wcyCgcG4eH9T73
2026,0.2,145,https://magiceden.io/item-details/3iLwX8hpqDMmkNmekcKXg3N14DT5gbq537tF68Leme6f
2027,0.25,172,https://magiceden.io/item-details/CSBb9NnrgFTa8EZP3g1A83frJTsT1oubznEchAv6vmP4
2029,0.1,1217,https://magiceden.io/item-details/EULrqNc5Uxw41kUg88mEBQbp2B43Cq7TBArSztFkd5FE
2031,0.2,1213,https://magiceden.io/item-details/6EH6GzGZrBHP3C749dPEaXfFyxxkV47M8gjYQZNv2yiv
2038,0.4,515,https://magiceden.io/item-details/4iQERZPpR8p6MBgUYKfWwB3WzYAMPPhNUSHpgxKZ96Dq
2039,0.1,1904,https://magiceden.io/item-details/CTSw37h836SjuWYAkU4FgF5UDPEmGvgkgRwexDLJqUv
2045,0.25,361,https://magiceden.io/item-details/8bYvV2Le4VqUf7hLqRMSfPCTv53u7Bh1sb1nz6cqBqum
2047,0.03,1604,https://magiceden.io/item-details/HY3tG978fXzGWBP3h12B4C3FJcB525pbr7qgZvQt1m6n
2051,1.2,906,https://magiceden.io/item-details/GfxBWbnKxSCGYg3Yh89iK5cSVQyphXb5NHPhFRJFzBbY
2052,0.1,269,https://magiceden.io/item-details/EVT7n5Vp13cHsXqzgj5guWMMBrybRSy59CbJfCEREg1Q
2057,0.5,1059,https://magiceden.io/item-details/4BN2xXW6zYWbgKr5GJyGLbgQkXVsRAkAUEYNVpKv9yEj
2058,0.2,373,https://magiceden.io/item-details/9fBgHK9xRy4Ae9DmCBSRe4e3AowBojZY7evYpRoDHbMy
2062,0.041,1021,https://magiceden.io/item-details/4Uc3oFM4APXxn1S7fmeW9om6YodGVeL9FBsJonUZizbc
2065,0.08,2161,https://magiceden.io/item-details/4mBkCtvjLUmJx9pkJ5qmERS4izBeFbL7hvS5c8KP2Fba
2078,0.5,1142,https://magiceden.io/item-details/GyV8vcQLGkq5h5vTB8URh8iHy8JDgW3tQMRJnf1CYifP
2080,0.06,1012,https://magiceden.io/item-details/AFP9Qj3QjmYV3mBLoY2fCdP8RGfVa1otgpg9mf9N1Sze
2084,0.15,704,https://magiceden.io/item-details/DYfkuhwgQH3E2fqCG5GiFmCFU84XEAYHRrzD5fYgA7hm
2085,0.19,2233,https://magiceden.io/item-details/HbcypVHBCCB8fCrc4UhdkDoroQKCZSL2KUaFuuZUYjvR
2089,0.2,344,https://magiceden.io/item-details/D2Mj1F2L25R27zByfELo6SZvFXrHc9b2B6sxBDRPkKxU
2094,1,1398,https://magiceden.io/item-details/BuxmMQhntKFNdHHHoW9j78j2qD5XzFiondynTe7Rurjp
2102,0.25,875,https://magiceden.io/item-details/AdJcUfmgE7aRhoaUXB6Xx8b9QjLv2kp5Y9JDbLmqfWdv
2106,0.2,1914,https://magiceden.io/item-details/E7ezhjQdeaVM1NguiHdNNALxYxW7T7B6p8zdahBJGwY
2108,0.039,2240,https://magiceden.io/item-details/4BqwYKXqrGiDsfk96AmERFDA5CuUZFEL2GpFnU9BtUHY
2116,0.5,590,https://magiceden.io/item-details/2JRKQQRtmj4f6DT4ept9DcZuw97ZxQgK12UcFjenKhPt
2120,0.42,47,https://magiceden.io/item-details/Cn27kXeAX9vGgft5sZAcvd9572zJesf4NQBFbRC1xDj
2126,1,2169,https://magiceden.io/item-details/9U9sq8QcNB6AzmDd6XywvjxpVV6gfYrGpDaAhiEyA9HY
2130,1,807,https://magiceden.io/item-details/6fr6TLHrYdWxwyHDMT2ZVb2UVMYcyzoqN1kpZzYUsvBg
2135,0.4,1989,https://magiceden.io/item-details/7N1Q99afNrUpQkCEVa4hNdxoH1umceEYS86UwvKirBB
2137,0.5,414,https://magiceden.io/item-details/4bvN5WEp7djT2mTq35Zsaj9zXLycaRu2Q3gSmLYWzHaD
2143,0.5,1171,https://magiceden.io/item-details/4gek8p6sD5hLYXUZnPV2rXZahhSaGD832A6jdwgh76aA
2145,0.1,662,https://magiceden.io/item-details/E4BVBRJP9HCCXZWPsgB3UUHjsxFhDjBvX6ATjwMDfeDp
2150,0.1,443,https://magiceden.io/item-details/6NABVRc6yNKJLTDpGiAnsnnyTJ5eC3FBmF9cfKF51v5d
2155,0.0555,1248,https://magiceden.io/item-details/AZdtnma6SsNMrP8GHXeKVLVr9k7CxFrrwkmRz3cEyr6j
2157,0.9,615,https://magiceden.io/item-details/B2BgrKKcSaexazeiZjk5aW4fcaoCeBAsWNWPmwX8tv2
2174,1,117,https://magiceden.io/item-details/5XEEuaxsakagMaMzY9KnpmuRczcVME3ghANkCmcRZ8af
2175,0.29,676,https://magiceden.io/item-details/Hqc9rhAZ9AggZuYobwSS9odEYVqi9mhZtXJHjXAJjHm1
2176,0.2,1730,https://magiceden.io/item-details/7766rB7m7ZVnfm6WSs8aMs3LbE9Vc6yYHYPRFsrCLChp
2180,0.16,928,https://magiceden.io/item-details/EaseWjY6BAFs71Y8XEuoSz6TsAGJeZCXGpAWW9FDRpqi
2185,0.5,1649,https://magiceden.io/item-details/H5FpaPd2QhbpsNmdhKQzmbxWqb9q8ndgCGYz27TPEY1c
2191,0.15,820,https://magiceden.io/item-details/E2CuRXpmRx548LryX1REGCCgVyLRm5RWxp4iMLQEpwpB
2192,0.099,454,https://magiceden.io/item-details/J2iAGMvHpWCJm437zT3BJnQDwUMgusZYGVXCjj5oJYCM
2195,0.1,1625,https://magiceden.io/item-details/5n28q8Kf4RBuWJxqouHNNxkwnssawVNZKxiC6GpGQxZs
2198,1.1,21,https://magiceden.io/item-details/HjaxtEX9G3uFHja1mHQpUXWZFcE45sHSsd7H32AqLgfk
2200,0.2,556,https://magiceden.io/item-details/DZbZykTDmCeSqyCdBFrTvJ5gN64p6ms3JDspTEqZbCRQ
2211,0.75,748,https://magiceden.io/item-details/4hdk8nPMYWuQUN3wFyVE5468MZECWvUbWicruUdHyneN
2216,0.099,247,https://magiceden.io/item-details/CeaDLqzhShUUiYogdDz8Vey3dhaZnrdU7cRrM41TQbt
2218,1,252,https://magiceden.io/item-details/K5RxkzrS6RyMvZs2agHDD4cG1MLa4Gg4GTKCAK116SB
2219,0.7,2145,https://magiceden.io/item-details/4rb3emj61KciHfoV6LKhnqXm6sNySgRA4TRff1C1uWBB
2222,0.15,1502,https://magiceden.io/item-details/ALbnmCNNRQeheeDXiZHJ1Xes8VmqkLx3rt7DYeNgwmQa
2225,0.2,1631,https://magiceden.io/item-details/24E5dCxPnsSAuthkxQLwSMR78HicAckjuMTTFQn39C1i
2228,0.19,1752,https://magiceden.io/item-details/5m1RdDqFGAKrspipLssE2km8kdg54QWFEhGtHATnmiYC
2236,0.7,2139,https://magiceden.io/item-details/7ztsWA38ukGRSJaeYCANrUJGNQ7LeYydBAQnzSLeWuAh
2248,0.5,1307,https://magiceden.io/item-details/GBG1inx3rBi7RrXXMpmNgrZQwh3JCcGHMQ2ZJDNKHZfL
2259,0.03,1858,https://magiceden.io/item-details/32TP2p9ppLff2m6CgQGY7enNRegVu2tjCxAq6mW9y6dN
2269,1,1396,https://magiceden.io/item-details/6ePjWunMekwUcKKXrMVrrkMSGnqZbgqy3zZfntCzvbXd
2273,0.04,824,https://magiceden.io/item-details/7wBdoVKMr2oG7JgWhJhSVVAjNC8A9TMJWrUdx8rq8keZ
